model,MAE,RMSE,MAPE
AutoETS,6.098724746704102,7.099770584718321,15.51800576915667
Naive,6.3,7.157746386491584,15.964518141998266
AutoARIMA,6.344079717000326,7.2144600557836,16.094140333542693
CES,6.490106582641602,7.502647680349815,16.603201974623175
DynamicTheta,6.6825922648111975,7.713713165144734,17.214869506604856
SeasonalNaive,6.966666666666667,8.372574275573792,18.18187060140756
