model,MAE,RMSE,MAPE
NHITS,6.422911961873372,7.758857022206399,15.947310446503488
RNN,6.821956125895182,7.675208621351329,17.16516149064054
NBEATS,7.364107004801432,8.224124191784139,18.560761612701338
