model,MAE,RMSE,MAPE
LGBMRegressor,5.807694162807816,6.791005597102164,14.082477279070494
LinearRegression,5.919379170735677,6.848383661723663,15.176578268709845
XGBRegressor,5.99662971496582,6.916332413882566,14.841468240997683
RandomForestRegressor,6.05238178306578,6.821842533226899,14.884226389971861
